"name","notch","supername","package","side"
"GuiSmallButton","aa","","net/minecraft/src","0"
"BlockSnowBlock","ab","","net/minecraft/src","0"
"J_JsonNodeDoesNotMatchJsonNodeSelectorException","ac","","net/minecraft/src","0"
"EntityNoteFX","ad","","net/minecraft/src","0"
"Packet11PlayerPosition","ae","","net/minecraft/src","0"
"TileEntityMobSpawnerRenderer","af","","net/minecraft/src","0"
"BlockTNT","ag","","net/minecraft/src","0"
"Packet131MapData","ah","","net/minecraft/src","0"
"StepSoundSand","ai","","net/minecraft/src","0"
"BlockPortal","aj","","net/minecraft/src","0"
"StepSoundStone","ak","","net/minecraft/src","0"
"NoiseGeneratorPerlin","al","","net/minecraft/src","0"
"J_SajParser","am","","net/minecraft/src","0"
"J_JsonNodeDoesNotMatchPathElementsException","an","","net/minecraft/src","0"
"WorldGenTallGrass","ao","","net/minecraft/src","0"
"MaterialLogic","ap","","net/minecraft/src","0"
"EntityWaterMob","aq","","net/minecraft/src","0"
"CompressedStreamTools","ar","","net/minecraft/src","0"
"EnumJsonNodeType","as","","net/minecraft/src","0"
"ItemPickaxe","at","","net/minecraft/src","0"
"TextureCompassFX","au","","net/minecraft/src","0"
"TextureFX","av","","net/minecraft/src","0"
"MapCoord","aw","","net/minecraft/src","0"
"WorldProviderSky","ax","","net/minecraft/src","0"
"TileEntityDispenser","ay","","net/minecraft/src","0"
"J_LeafFunctor","az","","net/minecraft/src","0"
"RenderItem","ba","","net/minecraft/src","0"
"ItemBucket","bb","","net/minecraft/src","0"
"CanvasIsomPreview","bc","","net/minecraft/src","0"
"WorldGenFlowers","bd","","net/minecraft/src","0"
"IChunkLoader","be","","net/minecraft/src","0"
"EntityAnimal","bf","","net/minecraft/src","0"
"SoundPoolEntry","bg","","net/minecraft/src","0"
"ItemCloth","bh","","net/minecraft/src","0"
"SpawnListEntry","bi","","net/minecraft/src","0"
"BlockLeaves","bj","","net/minecraft/src","0"
"ContainerFurnace","bk","","net/minecraft/src","0"
"StatTypeDistance","bl","","net/minecraft/src","0"
"StatTypeTime","bm","","net/minecraft/src","0"
"EntityGhast","bn","","net/minecraft/src","0"
"StatTypeSimple","bo","","net/minecraft/src","0"
"ChunkCoordinates","bp","","net/minecraft/src","0"
"BlockRedstoneOre","bq","","net/minecraft/src","0"
"Vec3D","br","","net/minecraft/src","0"
"EnumToolMaterial","bs","","net/minecraft/src","0"
"BlockPressurePlate","bt","","net/minecraft/src","0"
"Render","bu","","net/minecraft/src","0"
"EntityCow","bv","","net/minecraft/src","0"
"EntitySnowball","bw","","net/minecraft/src","0"
"ItemSoup","bx","","net/minecraft/src","0"
"Packet70Bed","by","","net/minecraft/src","0"
"PanelCrashReport","bz","","net/minecraft/src","0"
"NoiseGenerator2","ca","","net/minecraft/src","0"
"ContainerChest","cb","","net/minecraft/src","0"
"GuiUnused","cc","","net/minecraft/src","0"
"Packet7UseEntity","a","","net/minecraft/src","0"
"EntityFireball","cd","","net/minecraft/src","0"
"TextureLavaFX","ce","","net/minecraft/src","0"
"AchievementMap","b","","net/minecraft/src","0"
"GuiGameOver","cf","","net/minecraft/src","0"
"EntityLightningBolt","c","","net/minecraft/src","0"
"PathPoint","d","","net/minecraft/src","0"
"GuiSlotStatsItem","cg","","net/minecraft/src","0"
"StatsSyncher","ch","","net/minecraft/src","0"
"BlockChest","e","","net/minecraft/src","0"
"J_JsonStringNodeBuilder","f","","net/minecraft/src","0"
"ItemBlock","ci","","net/minecraft/src","0"
"IChunkProvider","cj","","net/minecraft/src","0"
"BiomeGenTaiga","g","","net/minecraft/src","0"
"TexturePackBase","h","","net/minecraft/src","0"
"ChunkFolderPattern","ck","","net/minecraft/src","0"
"J_ChainedFunctor","i","","net/minecraft/src","0"
"EntitySpider","cl","","net/minecraft/src","0"
"WorldGenForest","j","","net/minecraft/src","0"
"GuiOptions","cm","","net/minecraft/src","0"
"ItemMapBase","cn","","net/minecraft/src","0"
"BlockOreStorage","k","","net/minecraft/src","0"
"SpawnerAnimals","co","","net/minecraft/src","0"
"RenderCreeper","l","","net/minecraft/src","0"
"RenderGlobal","m","","net/minecraft/src","0"
"EntityBubbleFX","cp","","net/minecraft/src","0"
"ModelWolf","n","","net/minecraft/src","0"
"ItemFishingRod","cq","","net/minecraft/src","0"
"StepSound","cr","","net/minecraft/src","0"
"NBTTagFloat","o","","net/minecraft/src","0"
"MouseFilter","cs","","net/minecraft/src","0"
"MinecraftAppletImpl","p","","net/minecraft/src","0"
"RenderBlocks","ct","","net/minecraft/src","0"
"CanvasMinecraftApplet","q","","net/minecraft/src","0"
"Packet5PlayerInventory","r","","net/minecraft/src","0"
"EnumStatus","cu","","net/minecraft/src","0"
"OpenGlCapsChecker","cv","","net/minecraft/src","0"
"BiomeGenHell","s","","net/minecraft/src","0"
"TileEntityMobSpawner","cw","","net/minecraft/src","0"
"RenderHelper","t","","net/minecraft/src","0"
"ThreadDownloadResources","cx","","net/minecraft/src","0"
"RenderBiped","u","","net/minecraft/src","0"
"GuiScreen","cy","","net/minecraft/src","0"
"ClippingHelperImpl","v","","net/minecraft/src","0"
"GuiErrorScreen","w","","net/minecraft/src","0"
"BlockRedstoneTorch","cz","","net/minecraft/src","0"
"J_JsonNodeList","x","","net/minecraft/src","0"
"RecipesArmor","y","","net/minecraft/src","0"
"ContainerPlayer","z","","net/minecraft/src","0"
"EntityPlayerSP","da","","net/minecraft/src","0"
"BlockMobSpawner","db","","net/minecraft/src","0"
"GuiTexturePackSlot","dc","","net/minecraft/src","0"
"NoiseGenerator","dd","","net/minecraft/src","0"
"RenderSnowball","de","","net/minecraft/src","0"
"PathEntity","df","","net/minecraft/src","0"
"Packet22Collect","dg","","net/minecraft/src","0"
"WorldGenLakes","dh","","net/minecraft/src","0"
"WorldRenderer","di","","net/minecraft/src","0"
"EntitySheep","dj","","net/minecraft/src","0"
"ItemSnowball","dk","","net/minecraft/src","0"
"EffectRenderer","dl","","net/minecraft/src","0"
"StatCollector","dm","","net/minecraft/src","0"
"BlockLadder","dn","","net/minecraft/src","0"
"ItemTool","do","","net/minecraft/src","0"
"ClippingHelper","dp","","net/minecraft/src","0"
"RenderPlayer","dq","","net/minecraft/src","0"
"IRecipe","dr","","net/minecraft/src","0"
"GuiParticle","ds","","net/minecraft/src","0"
"GuiStats","dt","","net/minecraft/src","0"
"Container","du","","net/minecraft/src","0"
"MapColor","dv","","net/minecraft/src","0"
"RenderPainting","dw","","net/minecraft/src","0"
"ChunkFile","dx","","net/minecraft/src","0"
"ModelSheep1","dy","","net/minecraft/src","0"
"EnumSkyBlock","dz","","net/minecraft/src","0"
"ICrafting","ea","","net/minecraft/src","0"
"J_JsonArrayNodeBuilder","eb","","net/minecraft/src","0"
"BlockCloth","ec","","net/minecraft/src","0"
"Packet51MapChunk","ed","","net/minecraft/src","0"
"TileEntityRecordPlayer","ee","","net/minecraft/src","0"
"ModelPig","ef","","net/minecraft/src","0"
"WorldInfo","eg","","net/minecraft/src","0"
"ModelZombie","eh","","net/minecraft/src","0"
"ThreadDownloadImageData","ei","","net/minecraft/src","0"
"J_CompactJsonFormatter","ej","","net/minecraft/src","0"
"EntityPickupFX","ek","","net/minecraft/src","0"
"ItemSlab","el","","net/minecraft/src","0"
"BlockStone","em","","net/minecraft/src","0"
"AchievementList","en","","net/minecraft/src","0"
"AxisAlignedBB","eo","","net/minecraft/src","0"
"WorldGenDungeons","ep","","net/minecraft/src","0"
"RenderSquid","eq","","net/minecraft/src","0"
"J_ThingWithPosition","er","","net/minecraft/src","0"
"Packet8UpdateHealth","es","","net/minecraft/src","0"
"Packet13PlayerLookMove","et","","net/minecraft/src","0"
"ChunkCache","eu","","net/minecraft/src","0"
"GuiConnectFailed","ev","","net/minecraft/src","0"
"FurnaceRecipes","ew","","net/minecraft/src","0"
"ModelBoat","ex","","net/minecraft/src","0"
"Packet71Weather","ey","","net/minecraft/src","0"
"BlockObsidian","ez","","net/minecraft/src","0"
"BlockPumpkin","fa","","net/minecraft/src","0"
"World","fb","","net/minecraft/src","0"
"RenderBoat","fc","","net/minecraft/src","0"
"IMob","fd","","net/minecraft/src","0"
"EntityLavaFX","fe","","net/minecraft/src","0"
"ModelBiped","ff","","net/minecraft/src","0"
"BlockWorkbench","fg","","net/minecraft/src","0"
"GuiCreateWorld","fh","","net/minecraft/src","0"
"BlockGlass","fi","","net/minecraft/src","0"
"WorldGenMinable","fj","","net/minecraft/src","0"
"SaveHandler","fk","","net/minecraft/src","0"
"Packet61DoorChange","fl","","net/minecraft/src","0"
"BlockJukeBox","fm","","net/minecraft/src","0"
"ChatAllowedCharacters","fn","","net/minecraft/src","0"
"EnumOptionsMappingHelper","fo","","net/minecraft/src","0"
"EntitySkeleton","fp","","net/minecraft/src","0"
"GuiTexturePacks","fq","","net/minecraft/src","0"
"BiomeGenDesert","fr","","net/minecraft/src","0"
"GuiMainMenu","fs","","net/minecraft/src","0"
"MapGenBase","ft","","net/minecraft/src","0"
"Pathfinder","fu","","net/minecraft/src","0"
"WorldGenCactus","fv","","net/minecraft/src","0"
"CanvasMojangLogo","fw","","net/minecraft/src","0"
"EntityBoat","fx","","net/minecraft/src","0"
"GuiSlotStatsBlock","fy","","net/minecraft/src","0"
"EntityCreeper","fz","","net/minecraft/src","0"
"GuiChat","ga","","net/minecraft/src","0"
"WorldGenGlowStone1","gb","","net/minecraft/src","0"
"GLAllocation","gc","","net/minecraft/src","0"
"SorterStatsItem","gd","","net/minecraft/src","0"
"GuiDownloadTerrain","ge","","net/minecraft/src","0"
"GuiSleepMP","gf","","net/minecraft/src","0"
"EntityWolf","gg","","net/minecraft/src","0"
"Packet28EntityVelocity","gh","","net/minecraft/src","0"
"BlockSand","gi","","net/minecraft/src","0"
"EntityFootStepFX","gj","","net/minecraft/src","0"
"Item","gk","","net/minecraft/src","0"
"RenderFallingSand","gl","","net/minecraft/src","0"
"ItemLog","gm","","net/minecraft/src","0"
"Slot","gn","","net/minecraft/src","0"
"GuiDispenser","go","","net/minecraft/src","0"
"Session","gp","","net/minecraft/src","0"
"EntityPlayer","gq","","net/minecraft/src","0"
"IStatStringFormat","gr","","net/minecraft/src","0"
"J_JsonNode","gs","","net/minecraft/src","0"
"RenderLiving","gt","","net/minecraft/src","0"
"Empty1","gu","","net/minecraft/src","0"
"Packet15Place","gv","","net/minecraft/src","0"
"EntityExplodeFX","gw","","net/minecraft/src","0"
"EntityMob","gx","","net/minecraft/src","0"
"RecipesTools","gy","","net/minecraft/src","0"
"BlockBookshelf","gz","","net/minecraft/src","0"
"MapStorage","ha","","net/minecraft/src","0"
"WorldChunkManagerHell","hb","","net/minecraft/src","0"
"BlockSapling","hc","","net/minecraft/src","0"
"MD5String","hd","","net/minecraft/src","0"
"Packet4UpdateTime","he","","net/minecraft/src","0"
"ModelCow","hf","","net/minecraft/src","0"
"SaveConverterMcRegion","hg","","net/minecraft/src","0"
"ScreenShotHelper","hh","","net/minecraft/src","0"
"CraftingManager","hi","","net/minecraft/src","0"
"EntityItem","hj","","net/minecraft/src","0"
"MapDataBase","hk","","net/minecraft/src","0"
"NBTTagByteArray","hl","","net/minecraft/src","0"
"Packet16BlockItemSwitch","hm","","net/minecraft/src","0"
"GuiChest","hn","","net/minecraft/src","0"
"Packet103SetSlot","ho","","net/minecraft/src","0"
"SoundPool","hp","","net/minecraft/src","0"
"TexturePortalFX","hq","","net/minecraft/src","0"
"EnumOptions","hr","","net/minecraft/src","0"
"ItemDoor","hs","","net/minecraft/src","0"
"IInvBasic","ht","","net/minecraft/src","0"
"ColorizerWater","hu","","net/minecraft/src","0"
"J_JdomParser","hv","","net/minecraft/src","0"
"RegionFileChunkBuffer","hw","","net/minecraft/src","0"
"ColorizerGrass","hx","","net/minecraft/src","0"
"PositionTextureVertex","hy","","net/minecraft/src","0"
"Empty2","hz","","net/minecraft/src","0"
"GuiContainer","ia","","net/minecraft/src","0"
"ItemRedstone","ib","","net/minecraft/src","0"
"TextureLavaFlowFX","ic","","net/minecraft/src","0"
"Packet10Flying","id","","net/minecraft/src","0"
"WorldGenBigTree","ie","","net/minecraft/src","0"
"EntityCreature","if","","net/minecraft/src","0"
"NBTBase","ig","","net/minecraft/src","0"
"TexturePackList","ih","","net/minecraft/src","0"
"ModelCreeper","ii","","net/minecraft/src","0"
"EntityReddustFX","ij","","net/minecraft/src","0"
"MathHelper","ik","","net/minecraft/src","0"
"CodecMus","il","","net/minecraft/src","0"
"RenderChicken","im","","net/minecraft/src","0"
"EnumArt","in","","net/minecraft/src","0"
"WorldGenReed","io","","net/minecraft/src","0"
"ShapedRecipes","ip","","net/minecraft/src","0"
"ContainerWorkbench","iq","","net/minecraft/src","0"
"MapData","ir","","net/minecraft/src","0"
"GuiSlotStats","is","","net/minecraft/src","0"
"Packet100OpenWindow","it","","net/minecraft/src","0"
"InventoryPlayer","iu","","net/minecraft/src","0"
"MapItemRenderer","iv","","net/minecraft/src","0"
"ItemStack","iw","","net/minecraft/src","0"
"J_JsonNumberNode","ix","","net/minecraft/src","0"
"BlockDeadBush","iy","","net/minecraft/src","0"
"EntityList","iz","","net/minecraft/src","0"
"ChunkProviderSky","ja","","net/minecraft/src","0"
"TileEntitySpecialRenderer","jb","","net/minecraft/src","0"
"Packet38EntityStatus","jc","","net/minecraft/src","0"
"EnumMovingObjectType","jd","","net/minecraft/src","0"
"ColorizerFoliage","je","","net/minecraft/src","0"
"RenderEngine","jf","","net/minecraft/src","0"
"ModelBed","jg","","net/minecraft/src","0"
"GuiRenameWorld","jh","","net/minecraft/src","0"
"StatList","ji","","net/minecraft/src","0"
"Packet24MobSpawn","jj","","net/minecraft/src","0"
"EnumOS1","jk","","net/minecraft/src","0"
"EntitySorter","jl","","net/minecraft/src","0"
"BlockBreakable","jm","","net/minecraft/src","0"
"BlockSnow","jn","","net/minecraft/src","0"
"TileEntityChest","jo","","net/minecraft/src","0"
"J_JsonNodeSelector","jp","","net/minecraft/src","0"
"EntityFallingSand","jq","","net/minecraft/src","0"
"Packet14BlockDig","jr","","net/minecraft/src","0"
"BlockFence","js","","net/minecraft/src","0"
"MCHash","jt","","net/minecraft/src","0"
"RecipesCrafting","ju","","net/minecraft/src","0"
"Packet17Sleep","jv","","net/minecraft/src","0"
"J_JsonNodeSelectors","jw","","net/minecraft/src","0"
"Packet104WindowItems","jx","","net/minecraft/src","0"
"EntityHeartFX","jy","","net/minecraft/src","0"
"BiomeGenBase","jz","","net/minecraft/src","0"
"GuiButton","ka","","net/minecraft/src","0"
"J_JsonArrayNodeSelector","kb","","net/minecraft/src","0"
"ThreadSleepForever","kc","","net/minecraft/src","0"
"StatStringFormatKeyInv","kd","","net/minecraft/src","0"
"Packet","ke","","net/minecraft/src","0"
"GameWindowListener","kf","","net/minecraft/src","0"
"J_JsonStringNodeSelector","kg","","net/minecraft/src","0"
"RenderFireball","kh","","net/minecraft/src","0"
"ItemDye","ki","","net/minecraft/src","0"
"EnumOSMappingHelper","kj","","net/minecraft/src","0"
"ModelBase","kk","","net/minecraft/src","0"
"ThreadCheckHasPaid","kl","","net/minecraft/src","0"
"MinecraftImpl","km","","net/minecraft/src","0"
"J_JsonObject","kn","","net/minecraft/src","0"
"BlockLockedChest","ko","","net/minecraft/src","0"
"WorldGenDeadBush","kp","","net/minecraft/src","0"
"TextureWatchFX","kq","","net/minecraft/src","0"
"GameSettings","kr","","net/minecraft/src","0"
"Particle","ks","","net/minecraft/src","0"
"ChunkProviderLoadOrGenerate","kt","","net/minecraft/src","0"
"RecipeSorter","ku","","net/minecraft/src","0"
"EnumJsonNodeTypeMappingHelper","kv","","net/minecraft/src","0"
"ItemHoe","kw","","net/minecraft/src","0"
"J_JsonNodeBuilder","kx","","net/minecraft/src","0"
"ModelSkeleton","ky","","net/minecraft/src","0"
"McRegionChunkLoader","kz","","net/minecraft/src","0"
"BlockDoor","la","","net/minecraft/src","0"
"Path","lb","","net/minecraft/src","0"
"GuiSlot","lc","","net/minecraft/src","0"
"NBTTagEnd","ld","","net/minecraft/src","0"
"EmptyChunk","le","","net/minecraft/src","0"
"J_PositionTrackingPushbackReader","lf","","net/minecraft/src","0"
"EnumCreatureType","lg","","net/minecraft/src","0"
"TileEntityRenderer","lh","","net/minecraft/src","0"
"Chunk","li","","net/minecraft/src","0"
"Material","lj","","net/minecraft/src","0"
"ModelGhast","lk","","net/minecraft/src","0"
"ItemBed","ll","","net/minecraft/src","0"
"GuiMultiplayer","lm","","net/minecraft/src","0"
"MovementInputFromOptions","ln","","net/minecraft/src","0"
"EntityLiving","lo","","net/minecraft/src","0"
"J_JsonListenerToJdomAdapter","lp","","net/minecraft/src","0"
"MaterialTransparent","lq","","net/minecraft/src","0"
"ItemReed","lr","","net/minecraft/src","0"
"IInventory","ls","","net/minecraft/src","0"
"EntityFish","lt","","net/minecraft/src","0"
"/Start","/Start","","net/minecraft/src","0"
"BlockGlowStone","lu","","net/minecraft/src","0"
"Packet0KeepAlive","lv","","net/minecraft/src","0"
"WatchableObject","lw","","net/minecraft/src","0"
"RenderEntity","lx","","net/minecraft/src","0"
"RenderArrow","ly","","net/minecraft/src","0"
"RenderSorter","lz","","net/minecraft/src","0"
"/ik","/ik","","net/minecraft/src","0"
"RenderPig","ma","","net/minecraft/src","0"
"GuiWorldSlot","mb","","net/minecraft/src","0"
"UnexpectedThrowable","mc","","net/minecraft/src","0"
"NBTTagLong","md","","net/minecraft/src","0"
"Packet20NamedEntitySpawn","me","","net/minecraft/src","0"
"J_JsonFormatter","mf","","net/minecraft/src","0"
"LoadingScreenRenderer","mg","","net/minecraft/src","0"
"RenderSlime","mh","","net/minecraft/src","0"
"WorldClient","mi","","net/minecraft/src","0"
"Packet101CloseWindow","mj","","net/minecraft/src","0"
"ItemEgg","mk","","net/minecraft/src","0"
"Packet2Handshake","ml","","net/minecraft/src","0"
"InventoryCrafting","mm","","net/minecraft/src","0"
"ItemSapling","mn","","net/minecraft/src","0"
"WorldGenClay","mo","","net/minecraft/src","0"
"BlockOre","mp","","net/minecraft/src","0"
"EntitySnowShovelFX","mq","","net/minecraft/src","0"
"Packet105UpdateProgressbar","mr","","net/minecraft/src","0"
"ModelSheep2","ms","","net/minecraft/src","0"
"SaveOldDir","mt","","net/minecraft/src","0"
"J_ObjectNodeContainer","mu","","net/minecraft/src","0"
"J_JsonNodeDoesNotMatchChainedJsonNodeSelectorException","mv","","net/minecraft/src","0"
"J_ArrayNodeContainer","mw","","net/minecraft/src","0"
"NetClientHandler","mx","","net/minecraft/src","0"
"J_FieldNodeContainer","my","","net/minecraft/src","0"
"Packet21PickupSpawn","mz","","net/minecraft/src","0"
"BlockGravel","na","","net/minecraft/src","0"
"ImageBuffer","nb","","net/minecraft/src","0"
"RecipesDyes","nc","","net/minecraft/src","0"
"StringTranslate","nd","","net/minecraft/src","0"
"BlockCrops","ne","","net/minecraft/src","0"
"GuiVideoSettings","nf","","net/minecraft/src","0"
"BlockIce","ng","","net/minecraft/src","0"
"ISaveFormat","nh","","net/minecraft/src","0"
"Packet18Animation","ni","","net/minecraft/src","0"
"ModelQuadruped","nj","","net/minecraft/src","0"
"ModelSlime","nk","","net/minecraft/src","0"
"MusInputStream","nl","","net/minecraft/src","0"
"ModelMinecart","nm","","net/minecraft/src","0"
"BlockLeavesBase","nn","","net/minecraft/src","0"
"Packet39AttachEntity","no","","net/minecraft/src","0"
"EntityGiantZombie","np","","net/minecraft/src","0"
"NBTTagCompound","nq","","net/minecraft/src","0"
"PacketCounter","nr","","net/minecraft/src","0"
"Tessellator","ns","","net/minecraft/src","0"
"BlockStationary","nt","","net/minecraft/src","0"
"Achievement","nu","","net/minecraft/src","0"
"Packet1Login","nv","","net/minecraft/src","0"
"BlockSoulSand","nw","","net/minecraft/src","0"
"PlayerController","nx","","net/minecraft/src","0"
"J_JsonNumberNodeBuilder","ny","","net/minecraft/src","0"
"RecipesFood","nz","","net/minecraft/src","0"
"J_JsonArray","oa","","net/minecraft/src","0"
"Packet200Statistic","ob","","net/minecraft/src","0"
"InventoryLargeChest","oc","","net/minecraft/src","0"
"TextureWaterFlowFX","od","","net/minecraft/src","0"
"BlockButton","oe","","net/minecraft/src","0"
"Packet106Transaction","of","","net/minecraft/src","0"
"ChunkProvider","og","","net/minecraft/src","0"
"J_JsonNodeFactories","oh","","net/minecraft/src","0"
"BlockFlowing","oi","","net/minecraft/src","0"
"RenderTNTPrimed","oj","","net/minecraft/src","0"
"GuiCrafting","ok","","net/minecraft/src","0"
"EntityPortalFX","ol","","net/minecraft/src","0"
"BlockTrapDoor","om","","net/minecraft/src","0"
"BlockCactus","on","","net/minecraft/src","0"
"PlayerControllerSP","oo","","net/minecraft/src","0"
"BlockDirt","op","","net/minecraft/src","0"
"MaterialPortal","oq","","net/minecraft/src","0"
"GuiFurnace","or","","net/minecraft/src","0"
"TileEntity","os","","net/minecraft/src","0"
"Packet9Respawn","ot","","net/minecraft/src","0"
"J_JsonObjectNodeList","ou","","net/minecraft/src","0"
"GuiIngameMenu","ov","","net/minecraft/src","0"
"TexturePackDefault","ow","","net/minecraft/src","0"
"EntitySlimeFX","ox","","net/minecraft/src","0"
"BlockRail","oy","","net/minecraft/src","0"
"EnumOS2","oz","","net/minecraft/src","0"
"Packet3Chat","pa","","net/minecraft/src","0"
"NetworkManager","pb","","net/minecraft/src","0"
"WorldGenerator","pc","","net/minecraft/src","0"
"BlockDetectorRail","pd","","net/minecraft/src","0"
"RenderLightningBolt","pe","","net/minecraft/src","0"
"PlayerControllerTest","pf","","net/minecraft/src","0"
"MapGenCavesHell","pg","","net/minecraft/src","0"
"RenderFish","ph","","net/minecraft/src","0"
"IWorldAccess","pi","","net/minecraft/src","0"
"J_JsonFieldBuilder","pj","","net/minecraft/src","0"
"TileEntitySignRenderer","pk","","net/minecraft/src","0"
"NBTTagInt","pl","","net/minecraft/src","0"
"RenderGhast","pm","","net/minecraft/src","0"
"SorterStatsBlock","pn","","net/minecraft/src","0"
"ModelRenderer","po","","net/minecraft/src","0"
"BlockNote","pp","","net/minecraft/src","0"
"J_NodeContainer","pq","","net/minecraft/src","0"
"SlotArmor","pr","","net/minecraft/src","0"
"WorldGenTaiga1","ps","","net/minecraft/src","0"
"EntityRenderer","pt","","net/minecraft/src","0"
"Timer","pu","","net/minecraft/src","0"
"Packet33RelEntityMoveLook","pv","","net/minecraft/src","0"
"J_JsonStringNode","pw","","net/minecraft/src","0"
"KeyBinding","px","","net/minecraft/src","0"
"WorldGenHellLava","py","","net/minecraft/src","0"
"ItemSword","pz","","net/minecraft/src","0"
"J_JsonRootNode","qa","","net/minecraft/src","0"
"J_JsonObjectNodeSelector","qb","","net/minecraft/src","0"
"J_JsonElementNodeSelector","qc","","net/minecraft/src","0"
"GuiConflictWarning","qd","","net/minecraft/src","0"
"J_JsonFieldNodeSelector","qe","","net/minecraft/src","0"
"RegionFile","qf","","net/minecraft/src","0"
"ItemCookie","qg","","net/minecraft/src","0"
"Packet27Position","qh","","net/minecraft/src","0"
"EntityDiggingFX","qi","","net/minecraft/src","0"
"ChunkProviderHell","qj","","net/minecraft/src","0"
"InventoryBasic","qk","","net/minecraft/src","0"
"NBTTagByte","ql","","net/minecraft/src","0"
"ScaledResolution","qm","","net/minecraft/src","0"
"Packet102WindowClick","qn","","net/minecraft/src","0"
"GuiYesNo","qo","","net/minecraft/src","0"
"EntityFlameFX","qp","","net/minecraft/src","0"
"EntityPainting","qq","","net/minecraft/src","0"
"EntityTNTPrimed","qr","","net/minecraft/src","0"
"Explosion","qs","","net/minecraft/src","0"
"NextTickListEntry","qt","","net/minecraft/src","0"
"ItemBow","qu","","net/minecraft/src","0"
"ItemRenderer","qv","","net/minecraft/src","0"
"BiomeGenForest","qw","","net/minecraft/src","0"
"Packet6SpawnPosition","qx","","net/minecraft/src","0"
"BlockSandStone","qy","","net/minecraft/src","0"
"IsoImageBuffer","qz","","net/minecraft/src","0"
"SignModel","ra","","net/minecraft/src","0"
"Packet34EntityTeleport","rb","","net/minecraft/src","0"
"Minecraft","net/minecraft/client/Minecraft","","net/minecraft/client","0"
"WorldProviderSurface","rc","","net/minecraft/src","0"
"BlockReed","rd","","net/minecraft/src","0"
"RegionFileCache","re","","net/minecraft/src","0"
"ItemSeeds","rf","","net/minecraft/src","0"
"ItemMinecart","rg","","net/minecraft/src","0"
"Packet60Explosion","rh","","net/minecraft/src","0"
"BlockWeb","ri","","net/minecraft/src","0"
"GuiTextField","rj","","net/minecraft/src","0"
"BlockFluid","rk","","net/minecraft/src","0"
"GuiSelectWorld","rl","","net/minecraft/src","0"
"ImageBufferDownload","rm","","net/minecraft/src","0"
"ChunkFilePattern","rn","","net/minecraft/src","0"
"EnumMobType","ro","","net/minecraft/src","0"
"BlockTallGrass","rp","","net/minecraft/src","0"
"Packet29DestroyEntity","rq","","net/minecraft/src","0"
"BlockContainer","rr","","net/minecraft/src","0"
"ItemCoal","rs","","net/minecraft/src","0"
"BiomeGenSky","rt","","net/minecraft/src","0"
"BlockClay","ru","","net/minecraft/src","0"
"ItemSaddle","rv","","net/minecraft/src","0"
"Packet32EntityLook","rw","","net/minecraft/src","0"
"ModelSpider","rx","","net/minecraft/src","0"
"TextureFlamesFX","ry","","net/minecraft/src","0"
"Packet50PreChunk","rz","","net/minecraft/src","0"
"WorldGenGlowStone2","sa","","net/minecraft/src","0"
"MaterialLiquid","sb","","net/minecraft/src","0"
"ContainerDispenser","sc","","net/minecraft/src","0"
"MapInfo","sd","","net/minecraft/src","0"
"FontRenderer","se","","net/minecraft/src","0"
"TileEntityFurnace","sf","","net/minecraft/src","0"
"EntityArrow","sg","","net/minecraft/src","0"
"BlockRedstoneWire","sh","","net/minecraft/src","0"
"Entity","si","","net/minecraft/src","0"
"Packet23VehicleSpawn","sj","","net/minecraft/src","0"
"NBTTagList","sk","","net/minecraft/src","0"
"MapGenCaves","sl","","net/minecraft/src","0"
"Frustrum","sm","","net/minecraft/src","0"
"BlockStairs","sn","","net/minecraft/src","0"
"MetadataChunkBlock","so","","net/minecraft/src","0"
"GuiSlotStatsGeneral","sp","","net/minecraft/src","0"
"Packet31RelEntityMove","sq","","net/minecraft/src","0"
"ChatLine","sr","","net/minecraft/src","0"
"J_JsonObjectNodeBuilder","ss","","net/minecraft/src","0"
"EntitySplashFX","st","","net/minecraft/src","0"
"NBTTagDouble","su","","net/minecraft/src","0"
"ItemAxe","sv","","net/minecraft/src","0"
"RenderMinecart","sw","","net/minecraft/src","0"
"BlockFurnace","sx","","net/minecraft/src","0"
"ModelChicken","sy","","net/minecraft/src","0"
"J_JsonNodeBuilders","sz","","net/minecraft/src","0"
"BiomeGenSwamp","ta","","net/minecraft/src","0"
"RenderList","tb","","net/minecraft/src","0"
"RenderManager","tc","","net/minecraft/src","0"
"NetHandler","td","","net/minecraft/src","0"
"ThreadDownloadImage","te","","net/minecraft/src","0"
"EntityClientPlayerMP","tf","","net/minecraft/src","0"
"BlockMushroom","tg","","net/minecraft/src","0"
"WorldBlockPositionType","th","","net/minecraft/src","0"
"TileEntityNote","ti","","net/minecraft/src","0"
"ChunkLoader","tj","","net/minecraft/src","0"
"RecipesIngots","tk","","net/minecraft/src","0"
"SaveFormatOld","tl","","net/minecraft/src","0"
"ItemRecord","tm","","net/minecraft/src","0"
"Packet19EntityAction","tn","","net/minecraft/src","0"
"ShapelessRecipes","to","","net/minecraft/src","0"
"OsMap","tp","","net/minecraft/src","0"
"Packet53BlockChange","tq","","net/minecraft/src","0"
"StatCrafting","tr","","net/minecraft/src","0"
"ThreadRunIsoClient","ts","","net/minecraft/src","0"
"J_JsonFalseNodeBuilder","tt","","net/minecraft/src","0"
"TexturedQuad","tu","","net/minecraft/src","0"
"J_JsonTrueNodeBuilder","tv","","net/minecraft/src","0"
"Gui","tw","","net/minecraft/src","0"
"J_JsonNullNodeBuilder","tx","","net/minecraft/src","0"
"DataWatcher","ty","","net/minecraft/src","0"
"GuiInventory","tz","","net/minecraft/src","0"
"NoiseGeneratorOctaves","ua","","net/minecraft/src","0"
"NoiseGeneratorOctaves2","ub","","net/minecraft/src","0"
"Packet30Entity","uc","","net/minecraft/src","0"
"Packet130UpdateSign","ud","","net/minecraft/src","0"
"BlockSign","ue","","net/minecraft/src","0"
"NBTTagShort","uf","","net/minecraft/src","0"
"BlockCake","ug","","net/minecraft/src","0"
"TerrainTextureManager","uh","","net/minecraft/src","0"
"MovementInput","ui","","net/minecraft/src","0"
"GuiControls","uj","","net/minecraft/src","0"
"GuiIngame","uk","","net/minecraft/src","0"
"Teleporter","ul","","net/minecraft/src","0"
"MinecraftException","um","","net/minecraft/src","0"
"Block","un","","net/minecraft/src","0"
"ChunkProviderClient","uo","","net/minecraft/src","0"
"EntitySlime","up","","net/minecraft/src","0"
"Packet40EntityMetadata","uq","","net/minecraft/src","0"
"EntityZombie","ur","","net/minecraft/src","0"
"RenderCow","us","","net/minecraft/src","0"
"SaveFormatComparator","ut","","net/minecraft/src","0"
"ItemSign","uu","","net/minecraft/src","0"
"ItemBoat","uv","","net/minecraft/src","0"
"BlockBed","uw","","net/minecraft/src","0"
"MovingObjectPosition","ux","","net/minecraft/src","0"
"BlockLog","uy","","net/minecraft/src","0"
"Packet12PlayerLook","uz","","net/minecraft/src","0"
"ChunkBlockMap","va","","net/minecraft/src","0"
"ThreadStatSyncherSend","vb","","net/minecraft/src","0"
"ThreadStatSyncherReceive","vc","","net/minecraft/src","0"
"BlockFarmland","vd","","net/minecraft/src","0"
"BlockTorch","ve","","net/minecraft/src","0"
"J_JsonConstants","vf","","net/minecraft/src","0"
"RailLogic","vg","","net/minecraft/src","0"
"TexturePackCustom","vh","","net/minecraft/src","0"
"SlotFurnace","vi","","net/minecraft/src","0"
"StatBase","vj","","net/minecraft/src","0"
"TextureWaterFX","vk","","net/minecraft/src","0"
"Packet25EntityPainting","vl","","net/minecraft/src","0"
"GuiAchievement","vm","","net/minecraft/src","0"
"EntityEgg","vn","","net/minecraft/src","0"
"Packet54PlayNoteBlock","vo","","net/minecraft/src","0"
"GuiConnecting","vp","","net/minecraft/src","0"
"MouseHelper","vq","","net/minecraft/src","0"
"GuiSlider","vr","","net/minecraft/src","0"
"ItemArmor","vs","","net/minecraft/src","0"
"BlockFlower","vt","","net/minecraft/src","0"
"ItemSpade","vu","","net/minecraft/src","0"
"WorldProviderHell","vv","","net/minecraft/src","0"
"RenderWolf","vw","","net/minecraft/src","0"
"ChunkPosition","vx","","net/minecraft/src","0"
"J_JsonListener","vy","","net/minecraft/src","0"
"EntityPig","vz","","net/minecraft/src","0"
"NibbleArray","wa","","net/minecraft/src","0"
"IStatType","wb","","net/minecraft/src","0"
"InventoryCraftResult","wc","","net/minecraft/src","0"
"MCHashEntry","wd","","net/minecraft/src","0"
"ModelSquid","we","","net/minecraft/src","0"
"BlockRedstoneRepeater","wf","","net/minecraft/src","0"
"BlockGrass","wg","","net/minecraft/src","0"
"EntityFlying","wh","","net/minecraft/src","0"
"ItemMap","wi","","net/minecraft/src","0"
"WorldGenTaiga2","wj","","net/minecraft/src","0"
"ISaveHandler","wk","","net/minecraft/src","0"
"Packet52MultiBlockChange","wl","","net/minecraft/src","0"
"CanvasCrashReport","wm","","net/minecraft/src","0"
"EntityChicken","wn","","net/minecraft/src","0"
"WorldGenPumpkin","wo","","net/minecraft/src","0"
"SaveHandlerMP","wp","","net/minecraft/src","0"
"ThreadConnectToServer","wq","","net/minecraft/src","0"
"WorldProvider","wr","","net/minecraft/src","0"
"NBTTagString","ws","","net/minecraft/src","0"
"RecipesWeapons","wt","","net/minecraft/src","0"
"EntityRainFX","wu","","net/minecraft/src","0"
"J_InvalidSyntaxException","wv","","net/minecraft/src","0"
"BlockSponge","ww","","net/minecraft/src","0"
"NetworkMasterThread","wx","","net/minecraft/src","0"
"ThreadCloseConnection","wy","","net/minecraft/src","0"
"StatFileWriter","wz","","net/minecraft/src","0"
"NetworkReaderThread","xa","","net/minecraft/src","0"
"PlayerControllerMP","xb","","net/minecraft/src","0"
"NetworkWriterThread","xc","","net/minecraft/src","0"
"GuiAchievements","xd","","net/minecraft/src","0"
"EntitySmokeFX","xe","","net/minecraft/src","0"
"WorldGenLiquids","xf","","net/minecraft/src","0"
"IBlockAccess","xg","","net/minecraft/src","0"
"BlockDispenser","xh","","net/minecraft/src","0"
"BlockLever","xi","","net/minecraft/src","0"
"WorldGenFire","xj","","net/minecraft/src","0"
"EntitySquid","xk","","net/minecraft/src","0"
"RedstoneUpdateInfo","xl","","net/minecraft/src","0"
"WorldChunkManager","xm","","net/minecraft/src","0"
"EntityFX","xn","","net/minecraft/src","0"
"MinecraftError","xo","","net/minecraft/src","0"
"RenderSheep","xp","","net/minecraft/src","0"
"EntityOtherPlayerMP","xq","","net/minecraft/src","0"
"EntityPigZombie","xr","","net/minecraft/src","0"
"IProgressUpdate","xs","","net/minecraft/src","0"
"GuiEditSign","xt","","net/minecraft/src","0"
"StatBasic","xu","","net/minecraft/src","0"
"ItemFlintAndSteel","xv","","net/minecraft/src","0"
"ChunkProviderGenerate","xw","","net/minecraft/src","0"
"RenderGiantZombie","xx","","net/minecraft/src","0"
"WorldGenTrees","xy","","net/minecraft/src","0"
"BlockNetherrack","xz","","net/minecraft/src","0"
"BiomeGenRainforest","ya","","net/minecraft/src","0"
"TileEntitySign","yb","","net/minecraft/src","0"
"EntityMinecart","yc","","net/minecraft/src","0"
"ItemPainting","yd","","net/minecraft/src","0"
"ICamera","ye","","net/minecraft/src","0"
"SoundManager","yf","","net/minecraft/src","0"
"J_Functor","yg","","net/minecraft/src","0"
"BlockFire","yh","","net/minecraft/src","0"
"Packet255KickDisconnect","yi","","net/minecraft/src","0"
"BlockStep","yj","","net/minecraft/src","0"
"J_JsonEscapedString","yk","","net/minecraft/src","0"
"EntityWeatherEffect","yl","","net/minecraft/src","0"
"SlotCrafting","ym","","net/minecraft/src","0"
"ItemFood","yn","","net/minecraft/src","0"
"RenderSpider","yo","","net/minecraft/src","0"
"ChunkCoordIntPair","yp","","net/minecraft/src","0"
"MinecraftApplet","net/minecraft/client/MinecraftApplet","","net/minecraft/client","0"
"NoiseGeneratorPerlin","aa","","net/minecraft/src","1"
"MaterialLogic","ab","","net/minecraft/src","1"
"WorldGenTallGrass","ac","","net/minecraft/src","1"
"EntityWaterMob","ad","","net/minecraft/src","1"
"ServerCommand","ae","","net/minecraft/src","1"
"CompressedStreamTools","af","","net/minecraft/src","1"
"ItemPickaxe","ag","","net/minecraft/src","1"
"MapCoord","ah","","net/minecraft/src","1"
"WorldProviderSky","ai","","net/minecraft/src","1"
"TileEntityDispenser","aj","","net/minecraft/src","1"
"ItemBucket","ak","","net/minecraft/src","1"
"WorldGenFlowers","al","","net/minecraft/src","1"
"IChunkLoader","am","","net/minecraft/src","1"
"EntityAnimal","an","","net/minecraft/src","1"
"ItemCloth","ao","","net/minecraft/src","1"
"SpawnListEntry","ap","","net/minecraft/src","1"
"BlockLeaves","aq","","net/minecraft/src","1"
"StatTypeDistance","ar","","net/minecraft/src","1"
"ContainerFurnace","as","","net/minecraft/src","1"
"StatTypeTime","at","","net/minecraft/src","1"
"ChunkCoordinates","au","","net/minecraft/src","1"
"StatTypeSimple","av","","net/minecraft/src","1"
"EntityGhast","aw","","net/minecraft/src","1"
"BlockRedstoneOre","ax","","net/minecraft/src","1"
"Vec3D","ay","","net/minecraft/src","1"
"EnumToolMaterial","az","","net/minecraft/src","1"
"BlockPressurePlate","ba","","net/minecraft/src","1"
"EntityCow","bb","","net/minecraft/src","1"
"EntitySnowball","bc","","net/minecraft/src","1"
"ItemSoup","bd","","net/minecraft/src","1"
"Packet70Bed","be","","net/minecraft/src","1"
"ContainerChest","bf","","net/minecraft/src","1"
"NoiseGenerator2","bg","","net/minecraft/src","1"
"EntityFireball","bh","","net/minecraft/src","1"
"ItemBlock","bi","","net/minecraft/src","1"
"IChunkProvider","bj","","net/minecraft/src","1"
"ChunkFolderPattern","bk","","net/minecraft/src","1"
"EntitySpider","bl","","net/minecraft/src","1"
"ItemMapBase","bm","","net/minecraft/src","1"
"SpawnerAnimals","bn","","net/minecraft/src","1"
"ThreadServerApplication","bo","","net/minecraft/src","1"
"ConvertProgressUpdater","bp","","net/minecraft/src","1"
"ThreadCommandReader","bq","","net/minecraft/src","1"
"ThreadSleepForever","br","","net/minecraft/src","1"
"StepSound","bs","","net/minecraft/src","1"
"ItemFishingRod","bt","","net/minecraft/src","1"
"EnumStatus","bu","","net/minecraft/src","1"
"TileEntityMobSpawner","bv","","net/minecraft/src","1"
"BlockRedstoneTorch","bw","","net/minecraft/src","1"
"BlockMobSpawner","bx","","net/minecraft/src","1"
"NoiseGenerator","by","","net/minecraft/src","1"
"PathEntity","bz","","net/minecraft/src","1"
"Packet22Collect","ca","","net/minecraft/src","1"
"WorldGenLakes","cb","","net/minecraft/src","1"
"EntitySheep","cc","","net/minecraft/src","1"
"Packet7UseEntity","a","","net/minecraft/src","1"
"ItemSnowball","cd","","net/minecraft/src","1"
"BlockLadder","ce","","net/minecraft/src","1"
"AchievementMap","b","","net/minecraft/src","1"
"StatCollector","cf","","net/minecraft/src","1"
"EntityLightningBolt","c","","net/minecraft/src","1"
"PathPoint","d","","net/minecraft/src","1"
"GuiLogOutputHandler","cg","","net/minecraft/src","1"
"ItemTool","ch","","net/minecraft/src","1"
"BlockChest","e","","net/minecraft/src","1"
"IRecipe","ci","","net/minecraft/src","1"
"BiomeGenTaiga","f","","net/minecraft/src","1"
"WorldGenForest","g","","net/minecraft/src","1"
"Container","cj","","net/minecraft/src","1"
"PlayerListBox","h","","net/minecraft/src","1"
"MapColor","ck","","net/minecraft/src","1"
"ChunkFile","cl","","net/minecraft/src","1"
"BlockOreStorage","i","","net/minecraft/src","1"
"NBTTagFloat","j","","net/minecraft/src","1"
"EnumSkyBlock","cm","","net/minecraft/src","1"
"Packet5PlayerInventory","k","","net/minecraft/src","1"
"ICrafting","cn","","net/minecraft/src","1"
"BlockCloth","co","","net/minecraft/src","1"
"BiomeGenHell","l","","net/minecraft/src","1"
"TileEntityRecordPlayer","cp","","net/minecraft/src","1"
"RecipesArmor","m","","net/minecraft/src","1"
"Packet51MapChunk","cq","","net/minecraft/src","1"
"ContainerPlayer","n","","net/minecraft/src","1"
"WorldInfo","cr","","net/minecraft/src","1"
"BlockSnowBlock","o","","net/minecraft/src","1"
"ServerWindowAdapter","p","","net/minecraft/src","1"
"NetworkListenThread","cs","","net/minecraft/src","1"
"ThreadLoginVerifier","ct","","net/minecraft/src","1"
"ServerGuiCommandListener","q","","net/minecraft/src","1"
"ServerGuiFocusAdapter","r","","net/minecraft/src","1"
"ItemSlab","cu","","net/minecraft/src","1"
"BlockTNT","s","","net/minecraft/src","1"
"BlockStone","cv","","net/minecraft/src","1"
"IAnimals","t","","net/minecraft/src","1"
"AchievementList","cw","","net/minecraft/src","1"
"Packet11PlayerPosition","u","","net/minecraft/src","1"
"AxisAlignedBB","cx","","net/minecraft/src","1"
"WorldGenDungeons","cy","","net/minecraft/src","1"
"Packet131MapData","v","","net/minecraft/src","1"
"StepSoundSand","w","","net/minecraft/src","1"
"Packet8UpdateHealth","cz","","net/minecraft/src","1"
"PlayerInstance","x","","net/minecraft/src","1"
"StepSoundStone","y","","net/minecraft/src","1"
"BlockPortal","z","","net/minecraft/src","1"
"Packet13PlayerLookMove","da","","net/minecraft/src","1"
"ChunkCache","db","","net/minecraft/src","1"
"FurnaceRecipes","dc","","net/minecraft/src","1"
"Packet71Weather","dd","","net/minecraft/src","1"
"IUpdatePlayerListBox","de","","net/minecraft/src","1"
"BlockObsidian","df","","net/minecraft/src","1"
"BlockPumpkin","dg","","net/minecraft/src","1"
"World","dh","","net/minecraft/src","1"
"IMob","di","","net/minecraft/src","1"
"EntityPlayerMP","dj","","net/minecraft/src","1"
"WorldManager","dk","","net/minecraft/src","1"
"BlockWorkbench","dl","","net/minecraft/src","1"
"BlockGlass","dm","","net/minecraft/src","1"
"WorldServer","dn","","net/minecraft/src","1"
"PlayerNBTManager","do","","net/minecraft/src","1"
"WorldGenMinable","dp","","net/minecraft/src","1"
"Packet61DoorChange","dq","","net/minecraft/src","1"
"BlockJukeBox","dr","","net/minecraft/src","1"
"ChatAllowedCharacters","ds","","net/minecraft/src","1"
"EntitySkeleton","dt","","net/minecraft/src","1"
"BiomeGenDesert","du","","net/minecraft/src","1"
"PlayerHash","dv","","net/minecraft/src","1"
"MapGenBase","dw","","net/minecraft/src","1"
"Pathfinder","dx","","net/minecraft/src","1"
"WorldGenCactus","dy","","net/minecraft/src","1"
"EntityBoat","dz","","net/minecraft/src","1"
"EntityCreeper","ea","","net/minecraft/src","1"
"WorldGenGlowStone1","eb","","net/minecraft/src","1"
"NetLoginHandler","ec","","net/minecraft/src","1"
"Packet28EntityVelocity","ed","","net/minecraft/src","1"
"WorldServerMulti","ee","","net/minecraft/src","1"
"EntityWolf","ef","","net/minecraft/src","1"
"BlockSand","eg","","net/minecraft/src","1"
"Item","eh","","net/minecraft/src","1"
"ItemLog","ei","","net/minecraft/src","1"
"Slot","ej","","net/minecraft/src","1"
"EntityPlayer","ek","","net/minecraft/src","1"
"Empty1","el","","net/minecraft/src","1"
"Packet15Place","em","","net/minecraft/src","1"
"EntityMob","en","","net/minecraft/src","1"
"RecipesTools","eo","","net/minecraft/src","1"
"BlockBookshelf","ep","","net/minecraft/src","1"
"MapStorage","eq","","net/minecraft/src","1"
"WorldChunkManagerHell","er","","net/minecraft/src","1"
"BlockSapling","es","","net/minecraft/src","1"
"ConsoleLogManager","et","","net/minecraft/src","1"
"Packet4UpdateTime","eu","","net/minecraft/src","1"
"SaveConverterMcRegion","ev","","net/minecraft/src","1"
"CraftingManager","ew","","net/minecraft/src","1"
"EntityItem","ex","","net/minecraft/src","1"
"MapDataBase","ey","","net/minecraft/src","1"
"NBTTagByteArray","ez","","net/minecraft/src","1"
"ServerConfigurationManager","fa","","net/minecraft/src","1"
"Packet16BlockItemSwitch","fb","","net/minecraft/src","1"
"Packet103SetSlot","fc","","net/minecraft/src","1"
"EntityTrackerEntry","fd","","net/minecraft/src","1"
"ItemDoor","fe","","net/minecraft/src","1"
"RegionFileChunkBuffer","ff","","net/minecraft/src","1"
"GuiLogFormatter","fg","","net/minecraft/src","1"
"Empty2","fh","","net/minecraft/src","1"
"ItemRedstone","fi","","net/minecraft/src","1"
"IPlayerFileData","fj","","net/minecraft/src","1"
"Packet10Flying","fk","","net/minecraft/src","1"
"WorldGenBigTree","fl","","net/minecraft/src","1"
"NBTBase","fm","","net/minecraft/src","1"
"EntityCreature","fn","","net/minecraft/src","1"
"MathHelper","fo","","net/minecraft/src","1"
"EnumArt","fp","","net/minecraft/src","1"
"WorldGenReed","fq","","net/minecraft/src","1"
"ShapedRecipes","fr","","net/minecraft/src","1"
"ContainerWorkbench","fs","","net/minecraft/src","1"
"MapData","ft","","net/minecraft/src","1"
"Packet100OpenWindow","fu","","net/minecraft/src","1"
"InventoryPlayer","fv","","net/minecraft/src","1"
"ItemStack","fw","","net/minecraft/src","1"
"BlockDeadBush","fx","","net/minecraft/src","1"
"EntityList","fy","","net/minecraft/src","1"
"ChunkProviderSky","fz","","net/minecraft/src","1"
"Packet38EntityStatus","ga","","net/minecraft/src","1"
"EnumMovingObjectType","gb","","net/minecraft/src","1"
"ModelBed","gc","","net/minecraft/src","1"
"Packet24MobSpawn","gd","","net/minecraft/src","1"
"StatList","ge","","net/minecraft/src","1"
"BlockBreakable","gf","","net/minecraft/src","1"
"BlockSnow","gg","","net/minecraft/src","1"
"TileEntityChest","gh","","net/minecraft/src","1"
"EntityFallingSand","gi","","net/minecraft/src","1"
"Packet14BlockDig","gj","","net/minecraft/src","1"
"BlockFence","gk","","net/minecraft/src","1"
"MCHash","gl","","net/minecraft/src","1"
"RecipesCrafting","gm","","net/minecraft/src","1"
"Packet17Sleep","gn","","net/minecraft/src","1"
"Packet104WindowItems","go","","net/minecraft/src","1"
"BiomeGenBase","gp","","net/minecraft/src","1"
"Packet","gq","","net/minecraft/src","1"
"ItemDye","gr","","net/minecraft/src","1"
"BlockLockedChest","gs","","net/minecraft/src","1"
"WorldGenDeadBush","gt","","net/minecraft/src","1"
"RecipeSorter","gu","","net/minecraft/src","1"
"GuiStatsComponent","gv","","net/minecraft/src","1"
"ItemHoe","gw","","net/minecraft/src","1"
"NetServerHandler","gx","","net/minecraft/src","1"
"McRegionChunkLoader","gy","","net/minecraft/src","1"
"BlockDoor","gz","","net/minecraft/src","1"
"Path","ha","","net/minecraft/src","1"
"ChunkProviderServer","hb","","net/minecraft/src","1"
"NBTTagEnd","hc","","net/minecraft/src","1"
"EmptyChunk","hd","","net/minecraft/src","1"
"EnumCreatureType","he","","net/minecraft/src","1"
"Chunk","hf","","net/minecraft/src","1"
"Material","hg","","net/minecraft/src","1"
"ItemBed","hh","","net/minecraft/src","1"
"EntityLiving","hi","","net/minecraft/src","1"
"GuiStatsListener","hj","","net/minecraft/src","1"
"ItemReed","hk","","net/minecraft/src","1"
"MaterialTransparent","hl","","net/minecraft/src","1"
"IInventory","hm","","net/minecraft/src","1"
"EntityFish","hn","","net/minecraft/src","1"
"BlockGlowStone","ho","","net/minecraft/src","1"
"Packet0KeepAlive","hp","","net/minecraft/src","1"
"WatchableObject","hq","","net/minecraft/src","1"
"Packet20NamedEntitySpawn","hr","","net/minecraft/src","1"
"NBTTagLong","hs","","net/minecraft/src","1"
"Packet101CloseWindow","ht","","net/minecraft/src","1"
"ItemEgg","hu","","net/minecraft/src","1"
"Packet2Handshake","hv","","net/minecraft/src","1"
"InventoryCrafting","hw","","net/minecraft/src","1"
"ItemSapling","hx","","net/minecraft/src","1"
"WorldGenClay","hy","","net/minecraft/src","1"
"BlockOre","hz","","net/minecraft/src","1"
"Packet105UpdateProgressbar","ia","","net/minecraft/src","1"
"SaveOldDir","ib","","net/minecraft/src","1"
"Packet21PickupSpawn","ic","","net/minecraft/src","1"
"BlockGravel","id","","net/minecraft/src","1"
"RecipesDyes","ie","","net/minecraft/src","1"
"StringTranslate","if","","net/minecraft/src","1"
"BlockCrops","ig","","net/minecraft/src","1"
"BlockIce","ih","","net/minecraft/src","1"
"ISaveFormat","ii","","net/minecraft/src","1"
"Packet18Animation","ij","","net/minecraft/src","1"
"BlockLeavesBase","ik","","net/minecraft/src","1"
"Packet39AttachEntity","il","","net/minecraft/src","1"
"EntityGiantZombie","im","","net/minecraft/src","1"
"NBTTagCompound","in","","net/minecraft/src","1"
"PacketCounter","io","","net/minecraft/src","1"
"BlockStationary","ip","","net/minecraft/src","1"
"Achievement","iq","","net/minecraft/src","1"
"Packet1Login","ir","","net/minecraft/src","1"
"BlockSoulSand","is","","net/minecraft/src","1"
"RecipesFood","it","","net/minecraft/src","1"
"Packet200Statistic","iu","","net/minecraft/src","1"
"InventoryLargeChest","iv","","net/minecraft/src","1"
"BlockButton","iw","","net/minecraft/src","1"
"Packet106Transaction","ix","","net/minecraft/src","1"
"ChunkProvider","iy","","net/minecraft/src","1"
"BlockFlowing","iz","","net/minecraft/src","1"
"BlockTrapDoor","ja","","net/minecraft/src","1"
"BlockCactus","jb","","net/minecraft/src","1"
"BlockDirt","jc","","net/minecraft/src","1"
"MaterialPortal","jd","","net/minecraft/src","1"
"TileEntity","je","","net/minecraft/src","1"
"Packet9Respawn","jf","","net/minecraft/src","1"
"BlockRail","jg","","net/minecraft/src","1"
"Packet3Chat","jh","","net/minecraft/src","1"
"NetworkManager","ji","","net/minecraft/src","1"
"WorldGenerator","jj","","net/minecraft/src","1"
"BlockDetectorRail","jk","","net/minecraft/src","1"
"MapGenCavesHell","jl","","net/minecraft/src","1"
"IWorldAccess","jm","","net/minecraft/src","1"
"NBTTagInt","jn","","net/minecraft/src","1"
"BlockNote","jo","","net/minecraft/src","1"
"SlotArmor","jp","","net/minecraft/src","1"
"WorldGenTaiga1","jq","","net/minecraft/src","1"
"Packet33RelEntityMoveLook","jr","","net/minecraft/src","1"
"WorldGenHellLava","js","","net/minecraft/src","1"
"ItemSword","jt","","net/minecraft/src","1"
"RegionFile","ju","","net/minecraft/src","1"
"ItemCookie","jv","","net/minecraft/src","1"
"Packet27Position","jw","","net/minecraft/src","1"
"ChunkProviderHell","jx","","net/minecraft/src","1"
"NBTTagByte","jy","","net/minecraft/src","1"
"PlayerHashEntry","jz","","net/minecraft/src","1"
"Packet102WindowClick","ka","","net/minecraft/src","1"
"EntityPainting","kb","","net/minecraft/src","1"
"EntityTNTPrimed","kc","","net/minecraft/src","1"
"Explosion","kd","","net/minecraft/src","1"
"NextTickListEntry","ke","","net/minecraft/src","1"
"ItemBow","kf","","net/minecraft/src","1"
"BiomeGenForest","kg","","net/minecraft/src","1"
"BlockSandStone","kh","","net/minecraft/src","1"
"Packet6SpawnPosition","ki","","net/minecraft/src","1"
"Packet34EntityTeleport","kj","","net/minecraft/src","1"
"BlockReed","kk","","net/minecraft/src","1"
"WorldProviderSurface","kl","","net/minecraft/src","1"
"RegionFileCache","km","","net/minecraft/src","1"
"ItemSeeds","kn","","net/minecraft/src","1"
"ItemMinecart","ko","","net/minecraft/src","1"
"Packet60Explosion","kp","","net/minecraft/src","1"
"BlockWeb","kq","","net/minecraft/src","1"
"BlockFluid","kr","","net/minecraft/src","1"
"ChunkFilePattern","ks","","net/minecraft/src","1"
"EnumMobType","kt","","net/minecraft/src","1"
"PropertyManager","ku","","net/minecraft/src","1"
"BlockTallGrass","kv","","net/minecraft/src","1"
"Packet29DestroyEntity","kw","","net/minecraft/src","1"
"BlockContainer","kx","","net/minecraft/src","1"
"ItemCoal","ky","","net/minecraft/src","1"
"NetworkAcceptThread","kz","","net/minecraft/src","1"
"BiomeGenSky","la","","net/minecraft/src","1"
"BlockClay","lb","","net/minecraft/src","1"
"ItemSaddle","lc","","net/minecraft/src","1"
"Packet32EntityLook","ld","","net/minecraft/src","1"
"Packet50PreChunk","le","","net/minecraft/src","1"
"WorldGenGlowStone2","lf","","net/minecraft/src","1"
"MaterialLiquid","lg","","net/minecraft/src","1"
"ContainerDispenser","lh","","net/minecraft/src","1"
"MapInfo","li","","net/minecraft/src","1"
"TileEntityFurnace","lj","","net/minecraft/src","1"
"BlockRedstoneWire","lk","","net/minecraft/src","1"
"EntityArrow","ll","","net/minecraft/src","1"
"Entity","lm","","net/minecraft/src","1"
"NBTTagList","ln","","net/minecraft/src","1"
"Packet23VehicleSpawn","lo","","net/minecraft/src","1"
"MapGenCaves","lp","","net/minecraft/src","1"
"BlockStairs","lq","","net/minecraft/src","1"
"MetadataChunkBlock","lr","","net/minecraft/src","1"
"Packet31RelEntityMove","ls","","net/minecraft/src","1"
"NBTTagDouble","lt","","net/minecraft/src","1"
"ItemAxe","lu","","net/minecraft/src","1"
"BlockFurnace","lv","","net/minecraft/src","1"
"BiomeGenSwamp","lw","","net/minecraft/src","1"
"ICommandListener","lx","","net/minecraft/src","1"
"ConsoleCommandHandler","ly","","net/minecraft/src","1"
"BlockMushroom","lz","","net/minecraft/src","1"
"/ik","/ik","","net/minecraft/src","1"
"NetHandler","ma","","net/minecraft/src","1"
"TileEntityNote","mb","","net/minecraft/src","1"
"ChunkLoader","mc","","net/minecraft/src","1"
"RecipesIngots","md","","net/minecraft/src","1"
"SaveFormatOld","me","","net/minecraft/src","1"
"ItemRecord","mf","","net/minecraft/src","1"
"Packet19EntityAction","mg","","net/minecraft/src","1"
"ShapelessRecipes","mh","","net/minecraft/src","1"
"StatCrafting","mi","","net/minecraft/src","1"
"Packet53BlockChange","mj","","net/minecraft/src","1"
"DataWatcher","mk","","net/minecraft/src","1"
"NoiseGeneratorOctaves","ml","","net/minecraft/src","1"
"NoiseGeneratorOctaves2","mm","","net/minecraft/src","1"
"Packet30Entity","mn","","net/minecraft/src","1"
"Packet130UpdateSign","mo","","net/minecraft/src","1"
"BlockSign","mp","","net/minecraft/src","1"
"NBTTagShort","mq","","net/minecraft/src","1"
"BlockCake","mr","","net/minecraft/src","1"
"Teleporter","ms","","net/minecraft/src","1"
"MinecraftException","mt","","net/minecraft/src","1"
"Block","mu","","net/minecraft/src","1"
"EntitySlime","mv","","net/minecraft/src","1"
"Packet40EntityMetadata","mw","","net/minecraft/src","1"
"EntityZombie","mx","","net/minecraft/src","1"
"ServerGUI","my","","net/minecraft/src","1"
"ItemSign","mz","","net/minecraft/src","1"
"MovingObjectPosition","na","","net/minecraft/src","1"
"ItemBoat","nb","","net/minecraft/src","1"
"BlockBed","nc","","net/minecraft/src","1"
"BlockLog","nd","","net/minecraft/src","1"
"EntityTracker","ne","","net/minecraft/src","1"
"Packet12PlayerLook","nf","","net/minecraft/src","1"
"ChunkBlockMap","ng","","net/minecraft/src","1"
"BlockFarmland","nh","","net/minecraft/src","1"
"BlockTorch","ni","","net/minecraft/src","1"
"RailLogic","nj","","net/minecraft/src","1"
"SlotFurnace","nk","","net/minecraft/src","1"
"StatBase","nl","","net/minecraft/src","1"
"Packet25EntityPainting","nm","","net/minecraft/src","1"
"EntityEgg","nn","","net/minecraft/src","1"
"Packet54PlayNoteBlock","no","","net/minecraft/src","1"
"ItemArmor","np","","net/minecraft/src","1"
"BlockFlower","nq","","net/minecraft/src","1"
"ItemSpade","nr","","net/minecraft/src","1"
"WorldProviderHell","ns","","net/minecraft/src","1"
"ChunkPosition","nt","","net/minecraft/src","1"
"NibbleArray","nu","","net/minecraft/src","1"
"EntityPig","nv","","net/minecraft/src","1"
"IStatType","nw","","net/minecraft/src","1"
"InventoryCraftResult","nx","","net/minecraft/src","1"
"MCHashEntry","ny","","net/minecraft/src","1"
"ConsoleLogFormatter","nz","","net/minecraft/src","1"
"BlockRedstoneRepeater","oa","","net/minecraft/src","1"
"BlockGrass","ob","","net/minecraft/src","1"
"EntityFlying","oc","","net/minecraft/src","1"
"ItemMap","od","","net/minecraft/src","1"
"ISaveHandler","oe","","net/minecraft/src","1"
"WorldGenTaiga2","of","","net/minecraft/src","1"
"PlayerManager","og","","net/minecraft/src","1"
"WorldGenPumpkin","oh","","net/minecraft/src","1"
"Packet52MultiBlockChange","oi","","net/minecraft/src","1"
"EntityChicken","oj","","net/minecraft/src","1"
"WorldProvider","ok","","net/minecraft/src","1"
"RecipesWeapons","ol","","net/minecraft/src","1"
"NBTTagString","om","","net/minecraft/src","1"
"BlockSponge","on","","net/minecraft/src","1"
"NetworkMasterThread","oo","","net/minecraft/src","1"
"ThreadMonitorConnection","op","","net/minecraft/src","1"
"NetworkReaderThread","oq","","net/minecraft/src","1"
"NetworkWriterThread","or","","net/minecraft/src","1"
"BlockDispenser","os","","net/minecraft/src","1"
"IBlockAccess","ot","","net/minecraft/src","1"
"WorldGenLiquids","ou","","net/minecraft/src","1"
"BlockLever","ov","","net/minecraft/src","1"
"WorldGenFire","ow","","net/minecraft/src","1"
"EntitySquid","ox","","net/minecraft/src","1"
"RedstoneUpdateInfo","oy","","net/minecraft/src","1"
"WorldChunkManager","oz","","net/minecraft/src","1"
"EntityPigZombie","pa","","net/minecraft/src","1"
"IProgressUpdate","pb","","net/minecraft/src","1"
"ChunkProviderGenerate","pc","","net/minecraft/src","1"
"ItemFlintAndSteel","pd","","net/minecraft/src","1"
"StatBasic","pe","","net/minecraft/src","1"
"BlockNetherrack","pf","","net/minecraft/src","1"
"WorldGenTrees","pg","","net/minecraft/src","1"
"BiomeGenRainforest","ph","","net/minecraft/src","1"
"TileEntitySign","pi","","net/minecraft/src","1"
"EntityMinecart","pj","","net/minecraft/src","1"
"ItemPainting","pk","","net/minecraft/src","1"
"BlockFire","pl","","net/minecraft/src","1"
"ItemInWorldManager","pm","","net/minecraft/src","1"
"Packet255KickDisconnect","pn","","net/minecraft/src","1"
"BlockStep","po","","net/minecraft/src","1"
"ItemFood","pp","","net/minecraft/src","1"
"SlotCrafting","pq","","net/minecraft/src","1"
"EntityWeatherEffect","pr","","net/minecraft/src","1"
"ChunkCoordIntPair","ps","","net/minecraft/src","1"
"MinecraftServer","net/minecraft/server/MinecraftServer","","net/minecraft/server","1"
